seqName	clade	qc.overallScore	qc.overallStatus	totalSubstitutions	totalDeletions	totalInsertions	totalAminoacidSubstitutions	totalAminoacidDeletions	totalMissing	totalNonACGTNs	totalPcrPrimerChanges	substitutions	deletions	insertions	aaSubstitutions	aaDeletions	missing	nonACGTNs	pcrPrimerChanges	alignmentScore	alignmentStart	alignmentEnd	qc.missingData.missingDataThreshold	qc.missingData.score	qc.missingData.status	qc.missingData.totalMissing	qc.mixedSites.mixedSitesThreshold	qc.mixedSites.score	qc.mixedSites.status	qc.mixedSites.totalMixedSites	qc.privateMutations.cutoff	qc.privateMutations.excess	qc.privateMutations.score	qc.privateMutations.status	qc.privateMutations.total	qc.snpClusters.clusteredSNPs	qc.snpClusters.score	qc.snpClusters.status	qc.snpClusters.totalSNPs	errors
hCoV-19/England/LOND-128A77D/2021	20I (Alpha, V1)	0.000000	good	30	19	0	20	6	11	0	4	C241T,C913T,C3037T,C3267T,C5388A,C5986T,T6954C,G11521T,C14408T,C14676T,C15279T,T16176C,A23063T,C23271A,A23403G,C23604A,C23709T,T24506G,G24914C,G26526T,C27972T,G28048T,A28111G,G28280C,A28281T,T28282A,G28881A,G28882A,G28883C,C28977T	11288-11296,21765-21770,21992-21994,28271		M:A2S,N:D3L,N:R203K,N:G204R,N:S235F,ORF1a:T1001I,ORF1a:A1708D,ORF1a:I2230T,ORF1a:M3752I,ORF1b:P314L,ORF8:Q27*,ORF8:R52I,ORF8:Y73C,S:N501Y,S:A570D,S:D614G,S:P681H,S:T716I,S:S982A,S:D1118H	ORF1a:S3675-,ORF1a:G3676-,ORF1a:F3677-,S:H69-,S:V70-,S:Y144-	29859-29869		ChinaCDC_N_F:G28881A;G28882A;G28883C,ChinaCDC_N_R:C28977T	89381	38	29900	3000.000000	0.000000	good	11	10.000000	0.000000	good	0	24.000000	-2.000000	0.000000	good	6.000000		0.000000	good	0
hCoV-19/England/SHEF-BFCDF/2020	20B	0.000000	good	7	0	0	4	0	0	0	3	C241T,C3037T,C14408T,A23403G,G28881A,G28882A,G28883C			N:R203K,N:G204R,ORF1b:P314L,S:D614G				ChinaCDC_N_F:G28881A;G28882A;G28883C	89318	54	29836	3000.000000	0.000000	good	0	10.000000	0.000000	good	0	24.000000	-8.000000	0.000000	good	0.000000		0.000000	good	0
hCoV-19/England/SHEF-BFD27/2020	20B	0.300466	good	7	0	0	4	0	448	0	3	C241T,C3037T,C14408T,A23403G,G28881A,G28882A,G28883C			N:R203K,N:G204R,ORF1b:P314L,S:D614G		4429-4658,22325-22542		ChinaCDC_N_F:G28881A;G28882A;G28883C	89318	54	29836	3000.000000	5.481481	good	448	10.000000	0.000000	good	0	24.000000	-8.000000	0.000000	good	0.000000		0.000000	good	0
hCoV-19/England/IC19/2020	20A	0.000000	good	11	0	0	6	0	0	0	0	C241T,C2416T,C3037T,C6504T,C11620T,C14408T,C14786T,G20578T,A23403G,G25563T,C26907T			ORF1a:A2080V,ORF1b:P314L,ORF1b:A440V,ORF1b:V2371L,ORF3a:Q57H,S:D614G					89665	0	29903	3000.000000	0.000000	good	0	10.000000	0.000000	good	0	24.000000	-3.000000	0.000000	good	5.000000		0.000000	good	0
hCoV-19/England/GSTT-4106/2020	19A	0.000000	good	5	0	0	4	0	2	0	0	A2480G,C2558T,G11083T,C14805T,G26144T			ORF1a:I739V,ORF1a:P765S,ORF1a:L3606F,ORF3a:G251V		24981-24982			88813	54	29665	3000.000000	0.000000	good	2	10.000000	0.000000	good	0	24.000000	-8.000000	0.000000	good	0.000000		0.000000	good	0
hCoV-19/England/GSTT-5152/2020	19A	0.000000	good	5	0	0	4	0	160	0	0	A2480G,C2558T,G11083T,C14805T,G26144T			ORF1a:I739V,ORF1a:P765S,ORF1a:L3606F,ORF3a:G251V		9026-9027,16255-16256,24981-24982,29357-29510			89326	54	29836	3000.000000	0.000000	good	160	10.000000	0.000000	good	0	24.000000	-8.000000	0.000000	good	0.000000		0.000000	good	0
hCoV-19/England/GSTT-5155/2020	19A	0.000000	good	8	0	0	6	0	4	0	1	C1457T,A2480G,C2558T,C11074T,G11083T,C14805T,G26144T,C29250T			N:P326L,ORF1a:R398C,ORF1a:I739V,ORF1a:P765S,ORF1a:L3606F,ORF3a:G251V		16255-16256,24981-24982		HKU_N_R:C29250T	89314	54	29836	3000.000000	0.000000	good	4	10.000000	0.000000	good	0	24.000000	-5.000000	0.000000	good	3.000000		0.000000	good	0
hCoV-19/England/GSTT-5179/2020	20B	0.000000	good	8	0	0	4	0	2	0	3	C241T,C3037T,C14408T,T14646C,A23403G,G28881A,G28882A,G28883C			N:R203K,N:G204R,ORF1b:P314L,S:D614G		24981-24982		ChinaCDC_N_F:G28881A;G28882A;G28883C	89314	54	29836	3000.000000	0.000000	good	2	10.000000	0.000000	good	0	24.000000	-7.000000	0.000000	good	1.000000		0.000000	good	0
hCoV-19/England/GSTT-5189/2020	19A	0.000000	good	4	0	0	3	0	5	0	0	G1440A,G2305T,G2891A,A27669G			ORF1a:G392D,ORF1a:K680N,ORF1a:A876T		16255-16256,21066,24981-24982			89330	54	29836	3000.000000	0.000000	good	5	10.000000	0.000000	good	0	24.000000	-6.000000	0.000000	good	2.000000		0.000000	good	0
hCoV-19/England/GSTT-5196/2020	19A	0.000000	good	5	0	0	4	0	4	0	0	A2480G,C2558T,G11083T,C14805T,G26144T			ORF1a:I739V,ORF1a:P765S,ORF1a:L3606F,ORF3a:G251V		16255-16256,24981-24982			89326	54	29836	3000.000000	0.000000	good	4	10.000000	0.000000	good	0	24.000000	-8.000000	0.000000	good	0.000000		0.000000	good	0
hCoV-19/England/GSTT-5203/2020	20B	0.000000	good	7	0	0	4	0	2	0	3	C241T,C3037T,C14408T,A23403G,G28881A,G28882A,G28883C			N:R203K,N:G204R,ORF1b:P314L,S:D614G		24981-24982		ChinaCDC_N_F:G28881A;G28882A;G28883C	89318	54	29836	3000.000000	0.000000	good	2	10.000000	0.000000	good	0	24.000000	-8.000000	0.000000	good	0.000000		0.000000	good	0
hCoV-19/England/GSTT-5269/2020	20C	0.000000	good	7	0	0	5	0	2	0	0	C241T,C1059T,C3037T,C14408T,A23403G,G24368T,G25563T			ORF1a:T265I,ORF1b:P314L,ORF3a:Q57H,S:D614G,S:D936Y		24981-24982			88805	54	29665	3000.000000	0.000000	good	2	10.000000	0.000000	good	0	24.000000	-7.000000	0.000000	good	1.000000		0.000000	good	0
hCoV-19/England/GSTT-5326/2020	20A	0.000000	good	8	0	0	5	0	2	0	0	C241T,C2416T,C3037T,C14408T,C14786T,G20578T,A23403G,G25563T			ORF1b:P314L,ORF1b:A440V,ORF1b:V2371L,ORF3a:Q57H,S:D614G		24981-24982			88801	54	29665	3000.000000	0.000000	good	2	10.000000	0.000000	good	0	24.000000	-6.000000	0.000000	good	2.000000		0.000000	good	0
hCoV-19/England/GSTT-5340/2020	19A	0.000000	good	6	0	0	5	0	5	0	0	C1593T,A2480G,C2558T,G11083T,C14805T,G26144T			ORF1a:S443F,ORF1a:I739V,ORF1a:P765S,ORF1a:L3606F,ORF3a:G251V		24981-24982,27791-27793			87882	54	29356	3000.000000	0.000000	good	5	10.000000	0.000000	good	0	24.000000	-7.000000	0.000000	good	1.000000		0.000000	good	0
hCoV-19/England/GSTT-5346/2020	19A	0.000000	good	5	0	0	4	0	5	0	0	A2480G,C2558T,G11083T,C14805T,G26144T			ORF1a:I739V,ORF1a:P765S,ORF1a:L3606F,ORF3a:G251V		24981-24982,27791-27793			88813	54	29665	3000.000000	0.000000	good	5	10.000000	0.000000	good	0	24.000000	-8.000000	0.000000	good	0.000000		0.000000	good	0
hCoV-19/England/GSTT-5371/2020	19A	0.000000	good	6	0	0	5	0	268	0	1	G11083T,G13627T,C14805T,C15540T,G26144T,A28338G			N:D22G,ORF1a:L3606F,ORF1b:D54Y,ORF3a:G251V,ORF9b:I19V		9603,20232-20496,24981-24982		USCDC_N1_R:A28338G	87882	54	29356	3000.000000	0.000000	good	268	10.000000	0.000000	good	0	24.000000	-6.000000	0.000000	good	2.000000		0.000000	good	0
hCoV-19/England/GSTT-5393/2020	20B	0.000000	good	7	0	0	4	0	0	0	3	C241T,C3037T,C14408T,A23403G,G28881A,G28882A,G28883C			N:R203K,N:G204R,ORF1b:P314L,S:D614G				ChinaCDC_N_F:G28881A;G28882A;G28883C	88805	54	29665	3000.000000	0.000000	good	0	10.000000	0.000000	good	0	24.000000	-8.000000	0.000000	good	0.000000		0.000000	good	0
hCoV-19/England/GSTT-5396/2020	20B	0.000000	good	8	0	0	5	0	2	0	3	C241T,C3037T,C8543T,C14408T,A23403G,G28881A,G28882A,G28883C			N:R203K,N:G204R,ORF1a:L2760F,ORF1b:P314L,S:D614G		24981-24982		ChinaCDC_N_F:G28881A;G28882A;G28883C	88801	54	29665	3000.000000	0.000000	good	2	10.000000	0.000000	good	0	24.000000	-7.000000	0.000000	good	1.000000		0.000000	good	0
hCoV-19/England/GSTT-5446/2020	19A	0.000000	good	6	0	0	5	0	0	0	0	A2480G,C2558T,C9611T,G11083T,C14805T,G26144T			ORF1a:I739V,ORF1a:P765S,ORF1a:L3116F,ORF1a:L3606F,ORF3a:G251V					88809	54	29665	3000.000000	0.000000	good	0	10.000000	0.000000	good	0	24.000000	-7.000000	0.000000	good	1.000000		0.000000	good	0
hCoV-19/England/GSTT-5631/2020	19A	0.000000	good	1	3	0	1	1	156	0	0	T24024A	1605-1607		S:L821Q	ORF1a:D448-	24981-24982,29357-29510			89325	54	29836	3000.000000	0.000000	good	156	10.000000	0.000000	good	0	24.000000	-6.000000	0.000000	good	2.000000		0.000000	good	0
hCoV-19/England/GSTT-5633/2020	19A	0.000000	good	6	0	0	5	0	156	0	0	A2480G,C2558T,G9188T,G11083T,C14805T,G26144T			ORF1a:I739V,ORF1a:P765S,ORF1a:V2975L,ORF1a:L3606F,ORF3a:G251V		24981-24982,29357-29510			89322	54	29836	3000.000000	0.000000	good	156	10.000000	0.000000	good	0	24.000000	-7.000000	0.000000	good	1.000000		0.000000	good	0
hCoV-19/England/GSTT-5646/2020	20B	0.000000	good	9	0	0	5	0	3	0	3	C241T,C1150T,C3037T,C14408T,A22481T,A23403G,G28881A,G28882A,G28883C			N:R203K,N:G204R,ORF1b:P314L,S:T307S,S:D614G		11521,24981-24982		ChinaCDC_N_F:G28881A;G28882A;G28883C	89310	54	29836	3000.000000	0.000000	good	3	10.000000	0.000000	good	0	24.000000	-6.000000	0.000000	good	2.000000		0.000000	good	0
hCoV-19/England/GSTT-5651/2020	19A	0.000000	good	6	0	0	5	0	157	0	0	A2480G,C2558T,G11083T,C14805T,G18255T,G26144T			ORF1a:I739V,ORF1a:P765S,ORF1a:L3606F,ORF1b:M1596I,ORF3a:G251V		11521,24981-24982,29357-29510			89322	54	29836	3000.000000	0.000000	good	157	10.000000	0.000000	good	0	24.000000	-7.000000	0.000000	good	1.000000		0.000000	good	0
hCoV-19/England/GSTT-5655/2020	20B	0.000000	good	8	0	0	4	0	156	0	3	C241T,C3037T,C14408T,C15720T,A23403G,G28881A,G28882A,G28883C			N:R203K,N:G204R,ORF1b:P314L,S:D614G		24981-24982,29357-29510		ChinaCDC_N_F:G28881A;G28882A;G28883C	89314	54	29836	3000.000000	0.000000	good	156	10.000000	0.000000	good	0	24.000000	-7.000000	0.000000	good	1.000000		0.000000	good	0
hCoV-19/England/GSTT-5658/2020	20A	0.000000	good	5	0	0	3	0	2	0	0	C241T,C3037T,C14408T,A23403G,C25350T			ORF1b:P314L,S:D614G,S:P1263L		24981-24982			89326	54	29836	3000.000000	0.000000	good	2	10.000000	0.000000	good	0	24.000000	-7.000000	0.000000	good	1.000000		0.000000	good	0
hCoV-19/England/GSTT-5659/2020	20B	0.000000	good	7	0	0	4	0	4	0	3	C241T,C3037T,C14408T,A23403G,G28881A,G28882A,G28883C			N:R203K,N:G204R,ORF1b:P314L,S:D614G		9026-9027,24981-24982		ChinaCDC_N_F:G28881A;G28882A;G28883C	89318	54	29836	3000.000000	0.000000	good	4	10.000000	0.000000	good	0	24.000000	-8.000000	0.000000	good	0.000000		0.000000	good	0
hCoV-19/England/GSTT-5688/2020	20A	0.000000	good	5	0	0	3	0	156	0	0	C241T,C3037T,C14408T,G14580T,A23403G			ORF1b:P314L,ORF1b:M371I,S:D614G		24981-24982,29357-29510			89326	54	29836	3000.000000	0.000000	good	156	10.000000	0.000000	good	0	24.000000	-8.000000	0.000000	good	0.000000		0.000000	good	0
hCoV-19/England/GSTT-5705/2020	20A	0.000000	good	5	0	0	3	0	2	0	0	C241T,C3037T,C14408T,A23403G,C25350T			ORF1b:P314L,S:D614G,S:P1263L		24981-24982			89326	54	29836	3000.000000	0.000000	good	2	10.000000	0.000000	good	0	24.000000	-7.000000	0.000000	good	1.000000		0.000000	good	0
hCoV-19/England/GSTT-5777/2020	20B	0.000000	good	8	0	0	5	0	156	0	3	C241T,C3037T,C14408T,C14786T,A23403G,G28881A,G28882A,G28883C			N:R203K,N:G204R,ORF1b:P314L,ORF1b:A440V,S:D614G		24981-24982,29357-29510		ChinaCDC_N_F:G28881A;G28882A;G28883C	89314	54	29836	3000.000000	0.000000	good	156	10.000000	0.000000	good	0	24.000000	-7.000000	0.000000	good	1.000000		0.000000	good	0
hCoV-19/England/GSTT-6706/2020	19A	0.000000	good	5	0	0	3	0	2	0	0	T907G,G1440A,G2891A,T7717C,C25904T			ORF1a:G392D,ORF1a:A876T,ORF3a:S171L		24981-24982			88813	54	29665	3000.000000	0.000000	good	2	10.000000	0.000000	good	0	24.000000	-5.000000	0.000000	good	3.000000		0.000000	good	0
hCoV-19/England/GSTT-6731/2020	20B	0.000000	good	7	0	0	4	0	3	0	3	C241T,C3037T,C14408T,A23403G,G28881A,G28882A,G28883C			N:R203K,N:G204R,ORF1b:P314L,S:D614G		17304,24981-24982		ChinaCDC_N_F:G28881A;G28882A;G28883C	87878	54	29356	3000.000000	0.000000	good	3	10.000000	0.000000	good	0	24.000000	-8.000000	0.000000	good	0.000000		0.000000	good	0
hCoV-19/England/GSTT-6732/2020	20A	0.000000	good	5	0	0	3	0	2	0	0	C241T,C3037T,C14408T,A23403G,C25350T			ORF1b:P314L,S:D614G,S:P1263L		24981-24982			88813	54	29665	3000.000000	0.000000	good	2	10.000000	0.000000	good	0	24.000000	-7.000000	0.000000	good	1.000000		0.000000	good	0
hCoV-19/England/GSTT-6742/2020	20B	0.000000	good	8	0	0	5	0	268	0	3	C241T,C3037T,C14408T,A23403G,C26131T,G28881A,G28882A,G28883C			N:R203K,N:G204R,ORF1b:P314L,ORF3a:H247Y,S:D614G		11521,20232-20496,24981-24982		ChinaCDC_N_F:G28881A;G28882A;G28883C	87874	54	29356	3000.000000	0.000000	good	268	10.000000	0.000000	good	0	24.000000	-7.000000	0.000000	good	1.000000		0.000000	good	0
hCoV-19/England/GSTT-6744/2020	20C	0.000000	good	6	0	0	4	0	268	0	0	C241T,C1059T,C3037T,C14408T,A23403G,G25563T			ORF1a:T265I,ORF1b:P314L,ORF3a:Q57H,S:D614G		11521,20232-20496,24981-24982			87882	54	29356	3000.000000	0.000000	good	268	10.000000	0.000000	good	0	24.000000	-8.000000	0.000000	good	0.000000		0.000000	good	0
hCoV-19/England/GSTT-6746/2020	20B	0.000000	good	7	0	0	4	0	268	0	3	C241T,C3037T,C14408T,A23403G,G28881A,G28882A,G28883C			N:R203K,N:G204R,ORF1b:P314L,S:D614G		11521,20232-20496,24981-24982		ChinaCDC_N_F:G28881A;G28882A;G28883C	87878	54	29356	3000.000000	0.000000	good	268	10.000000	0.000000	good	0	24.000000	-8.000000	0.000000	good	0.000000		0.000000	good	0
hCoV-19/England/GSTT-6749/2020	19A	0.000000	good	3	0	0	2	0	2	0	0	G1440A,G2891A,A27669G			ORF1a:G392D,ORF1a:A876T		24981-24982			88821	54	29665	3000.000000	0.000000	good	2	10.000000	0.000000	good	0	24.000000	-7.000000	0.000000	good	1.000000		0.000000	good	0
hCoV-19/England/GSTT-6754/2020	19A	0.000000	good	4	0	0	3	0	267	0	0	G1440A,G2891A,T6605C,A27669G			ORF1a:G392D,ORF1a:A876T,ORF1a:S2114P		20232-20496,24981-24982			87890	54	29356	3000.000000	0.000000	good	267	10.000000	0.000000	good	0	24.000000	-6.000000	0.000000	good	2.000000		0.000000	good	0
hCoV-19/England/GSTT-6757/2020	19A	0.000000	good	9	0	0	6	0	156	0	1	G1738T,G11083T,G13627T,C14805T,C15540T,C25096T,G26144T,G28209T,A28338G			N:D22G,ORF1a:L3606F,ORF1b:D54Y,ORF3a:G251V,ORF8:E106*,ORF9b:I19V		24981-24982,29357-29510		USCDC_N1_R:A28338G	88797	54	29665	3000.000000	0.000000	good	156	10.000000	0.000000	good	0	24.000000	-3.000000	0.000000	good	5.000000		0.000000	good	0
hCoV-19/England/GSTT-6767/2020	20A	0.000000	good	7	0	0	5	0	268	0	0	C241T,C3037T,C14408T,C16289T,A23403G,C23673T,G25429T			ORF1b:P314L,ORF1b:A941V,ORF3a:V13L,S:D614G,S:S704L		6696,20232-20496,24981-24982			87878	54	29356	3000.000000	0.000000	good	268	10.000000	0.000000	good	0	24.000000	-5.000000	0.000000	good	3.000000		0.000000	good	0
hCoV-19/England/GSTT-6769/2020	19A	0.000000	good	5	0	0	4	0	268	0	0	A2480G,C2558T,G11083T,C14805T,G26144T			ORF1a:I739V,ORF1a:P765S,ORF1a:L3606F,ORF3a:G251V		6696,20232-20496,24981-24982			87886	54	29356	3000.000000	0.000000	good	268	10.000000	0.000000	good	0	24.000000	-8.000000	0.000000	good	0.000000		0.000000	good	0
hCoV-19/England/GSTT-6773/2020	20B	0.000000	good	9	0	0	5	0	2	0	3	C241T,C1150T,C3037T,C14408T,A22481T,A23403G,G28881A,G28882A,G28883C			N:R203K,N:G204R,ORF1b:P314L,S:T307S,S:D614G		24981-24982		ChinaCDC_N_F:G28881A;G28882A;G28883C	88797	54	29665	3000.000000	0.000000	good	2	10.000000	0.000000	good	0	24.000000	-6.000000	0.000000	good	2.000000		0.000000	good	0
hCoV-19/England/GSTT-6776/2020	19A	0.000000	good	7	0	0	6	0	2	0	1	G11083T,G13627T,C14805T,C15540T,G18686C,G26144T,A28338G			N:D22G,ORF1a:L3606F,ORF1b:D54Y,ORF1b:C1740S,ORF3a:G251V,ORF9b:I19V		24981-24982		USCDC_N1_R:A28338G	88805	54	29665	3000.000000	0.000000	good	2	10.000000	0.000000	good	0	24.000000	-5.000000	0.000000	good	3.000000		0.000000	good	0
hCoV-19/England/GSTT-6784/2020	19A	0.000000	good	7	0	0	5	0	268	0	0	A2480G,C2558T,G11083T,A11090T,C14805T,G26144T,A28175G			ORF1a:I739V,ORF1a:P765S,ORF1a:L3606F,ORF1a:N3609Y,ORF3a:G251V		6696,20232-20496,24981-24982			87878	54	29356	3000.000000	0.000000	good	268	10.000000	0.000000	good	0	24.000000	-6.000000	0.000000	good	2.000000		0.000000	good	0
hCoV-19/England/GSTT-6843/2020	19A	0.000000	good	7	0	0	6	0	2	0	0	A2480G,C2558T,A8882G,G11083T,C14805T,G26144T,G29315T			N:D348Y,ORF1a:I739V,ORF1a:P765S,ORF1a:I2873V,ORF1a:L3606F,ORF3a:G251V		24981-24982			87878	54	29356	3000.000000	0.000000	good	2	10.000000	0.000000	good	0	24.000000	-6.000000	0.000000	good	2.000000		0.000000	good	0
hCoV-19/England/GSTT-6885/2020	20B	0.000000	good	11	0	0	6	0	0	0	3	C241T,C3037T,G3230A,C14408T,C21552T,A23403G,T24076A,G24914T,G28881A,G28882A,G28883C			N:R203K,N:G204R,ORF1a:G989S,ORF1b:P314L,S:D614G,S:D1118Y				ChinaCDC_N_F:G28881A;G28882A;G28883C	87862	54	29356	3000.000000	0.000000	good	0	10.000000	0.000000	good	0	24.000000	-4.000000	0.000000	good	4.000000		0.000000	good	0
hCoV-19/England/GSTT-4177/2020	19A	0.000000	good	9	0	0	5	0	267	0	0	A1515G,C9223T,G11083T,G12565T,C14805T,T17247C,G26144T,T27384C,C29028T			N:A252V,ORF1a:H417R,ORF1a:L3606F,ORF1a:Q4100H,ORF3a:G251V		20232-20496,24981-24982			87870	54	29356	3000.000000	0.000000	good	267	10.000000	0.000000	good	0	24.000000	-6.000000	0.000000	good	2.000000		0.000000	good	0
hCoV-19/England/Kunming_kms-3/2020	20B	0.000000	good	11	0	0	7	0	0	0	4	C241T,C3037T,C14408T,C17678T,A23403G,T25473C,T26354A,T27233C,G28881A,G28882A,G28883C			E:L37H,N:R203K,N:G204R,ORF1b:P314L,ORF1b:T1404M,ORF6:I11T,S:D614G				Charit√©_E_P:T26354A,ChinaCDC_N_F:G28881A;G28882A;G28883C	89605	20	29903	3000.000000	0.000000	good	0	10.000000	0.000000	good	0	24.000000	-4.000000	0.000000	good	4.000000		0.000000	good	0
